,hashtag,counts
2,#blackadam,1355
17,#blackadammovie,549
10,#dccomics,233
3,#dceu,158
18,#superman,139
13,#dwaynejohnson,125
50,#dc,123
31,#therock,102
9,#cinema,97
35,#movies,97
7,#film,96
20,#comics,81
134,#fortnite,65
151,#multiversus,63
96,#henrycavill,52
12,#henrycavillsuperman,45
159,#1,44
144,#bringbackzacksnyder,44
104,#shazam,42
183,#news,41
382,#restorethesnyderverse,41
241,#boxoffice,36
152,#black,35
133,#dcu,34
189,#hawkman,33
95,#comicbooks,31
277,#nw,30
246,#movie,30
108,#imdb,30
252,#jsa,27
313,#entertainment,27
41,#ad,25
174,#doctorfate,24
153,#adam,23
472,#warnerbros,23
158,#ebay,23
775,#antmanandthewaspquantumania,23
94,#premiere,22
114,#marvel,22
251,#drfate,21
15,#hollywood,20
82,#films,19
49,#dcuniverse,19
176,#blackadamreview,18
45,#podcast,17
285,#nowwatching,16
87,#amc,16
83,#premieres,15
302,#review,15
398,#video,14
265,#2,14
266,#breakingnews,14
238,#halloweenends,13
631,#cyclone,13
29,#warnerbrosindia,13
172,#piercebrosnan,13
564,#entertainmentnews,13
4,#moviereview,13
47,#5,13
605,#tv,12
48,#dcstudios,12
240,#tickettoparadise,12
355,#atomsmasher,12
11,#wakandaforever,12
1326,#mondayvibes,11
761,#wwe,11
30,#thetimeofheroesisover,11
1085,#tuesdayvibe,11
1000,#wweraw,11
316,#dwayne,11
301,#justiceleague,11
58,#filmtwitter,10
1104,#justicesociety,10
216,#youtube,10
1701,#mondaymotivation,10
367,#comic,10
303,#superhero,10
146,#manofsteel2,10
640,#wednesdaythought,10
437,#restorethesnyderverseìÉµ,10
933,#funko,9
862,#blackadams,9
53,#art,9
318,#johnson,9
14,#batman,9
62,#moviereviews,9
876,#houseofthedragon,9
297,#maninblack,8
247,#manofsteel,8
260,#aldishodge,8
478,#wonderwoman,8
1153,#tuesdaymotivation,7
460,#wwenxt,7
920,#blackadamsweep,7
84,#thursdayvibes,7
224,#digitalart,7
533,#shorts,7
358,#trakt,7
85,#thursdaythoughts,7
632,#justicesocietyofamerica,7
647,#wednesdaymotivation,7
650,#movienews,7
320,#reviews,7
182,#fanart,7
1738,#mondaymorning,7
185,#twitch,7
140,#comicsgate,7
381,#mcu,7
473,#gaming,7
474,#gamingnews,7
319,#response,6
413,#rituals,6
141,#teamcomics,6
317,#fan,6
341,#xbox,6
415,#sra,6
64,#poshmark,6
414,#satanic,6
354,#noahcentineo,6
1693,#hotdfinale,6
412,#illuminati,6
411,#elites,6
410,#antichrist,6
353,#smile,6
1195,#snydercut,6
69,#hamcinemax,6
748,#zacksnyderìÉµ,6
1068,#rt,6
186,#wrestling,6
65,#shopmycloset,6
684,#quantumania,6
603,#6,6
281,#epicpartner,6
315,#celebrates,6
314,#bad,6
113,#jamesgunn,6
565,#scfintechfestival,6
516,#smartnews,6
937,#funkopop,6
491,#thebatman,6
280,#cineworldunlimited,5
493,#drawing,5
1116,#adventure,5
1115,#action,5
724,#quintessaswindell,5
351,#tethadam,5
112,#andor,5
262,#newmovie,5
263,#download,5
107,#pcas,5
1364,#blackadamcontestindia,5
400,#tiktok,5
1304,#sourcelove,5
661,#blackpanther,5
40,#3,5
388,#smilemovie,5
1067,#latestnews,5
464,#pennstate,5
542,#trending,5
715,#warnerbrosdiscovery,5
1303,#wegotus,5
996,#henry,5
16,#koimoi,5
60,#nowplaying,5
56,#cinetel,5
55,#boxofficeitalia,5
239,#terrifier2,5
324,#soundcloud,5
339,#tethadamrules,5
145,#zacksnyder,5
310,#gothamknights,5
449,#blacklivesmatter,5
772,#newprofilepic,5
828,#popculturecrisis,4
717,#blackadam2,4
869,#eth,4
867,#nftartist,4
346,#theflash,4
1053,#dcfilms,4
248,#henrycavil,4
244,#movietime,4
730,#ps5share,4
242,#preyforthedevil,4
865,#nftart,4
59,#podnation,4
338,#blogpost,4
864,#nft,4
712,#releasetheayercut,4
826,#aquaman,4
839,#ape,4
326,#amctheatres,4
293,#atamc,4
234,#peacemaker,4
785,#snyderverse,4
209,#podcasts,4
838,#ramsetu,4
283,#fortniteitemshop,4
195,#stargirl,4
562,#poster,4
522,#wcw,4
115,#shehulk,4
1133,#halloween,4
116,#starwars,4
1353,#blackadamspoilers,4
454,#comicbook,4
1859,#cheating,4
1119,#exclusive,4
629,#titans,4
628,#business,4
148,#viral,4
147,#youtubeshorts,4
1154,#tuesdaymorning,4
618,#animation,4
160,#paullevitz,4
1128,#dwaynetherockjohnson,4
21,#blackpantherwakandaforever,4
86,#thursdaymorning,4
1860,#indvpak,4
644,#fortniteleaks,4
670,#ye,4
1382,#return,4
403,#joker,4
404,#sarahshahi,4
664,#wednesdaymorning,4
646,#marvelstudios,4
566,#stepintothelight,3
567,#comedy,3
34,#recasttchalla,3
572,#justiceleagueaction,3
870,#etherum,3
282,#fortnitenews,3
438,#podernfamily,3
568,#blackadamth,3
480,#repost,3
823,#nftcommunity,3
287,#captainmarvel,3
866,#nfts,3
305,#black_adam,3
514,#mcfarlanetoys,3
541,#viralshorts,3
435,#blog,3
525,#student,3
855,#famousapesmuseum,3
859,#rkoutpost,3
1779,#tellthemthemaninblacksentyou,3
818,#superheroes,3
433,#blackadammy,3
774,#93,3
386,#cool,3
387,#artwork,3
368,#marvelcomics,3
743,#disney,3
395,#hotd,3
750,#stream,3
752,#twitchstream,3
753,#dragonar,3
757,#smallstreamer,3
762,#technology,3
768,#039,3
416,#actor,3
771,#antihero,3
633,#filmreview,3
617,#boycottwb,3
776,#guardiansofthegalaxyholidayspecial,3
420,#director,3
421,#artist,3
19,#dnq,3
337,#goodreads,3
336,#alternatehistory,3
790,#cartoon,3
328,#arcade,3
376,#games,3
625,#physicalmedia,3
624,#4k,3
623,#4kultrahd,3
32,#bhm,3
665,#bringbackzacksynder,3
0,#shivistheboss,3
1064,#tech,3
1435,#aew,3
931,#eartg,3
203,#np,3
934,#pop,3
1023,#zacksnydersjusticeleague,3
1286,#powerbornfromrage,3
1,#shivthakare,3
1117,#thriller,3
943,#updates,3
1046,#food,3
1197,#jamieleecurtis,3
1178,#kantara,3
1056,#ai,3
154,#atom,3
215,#youtubegaming,3
142,#conceptart,3
981,#4,3
986,#bringbackrayfisher,3
995,#e_radious,3
997,#cavill,3
999,#averysmoviereview,3
1451,#dcmovies,3
1487,#spoiler,3
201,#in,3
1396,#weekend,3
97,#gossip,3
1058,#artificialintelligence,3
1386,#mikejonesminutecon,3
106,#imax,3
276,#wbd,3
901,#ps4,3
184,#streaming,3
891,#exclusives,3
888,#wb,3
272,#dcfandome,3
662,#music,2
1129,#hollywoodmovie,2
1476,#release,2
1479,#cinematography,2
1475,#confirms,2
1469,#makethebatfleckmovie,2
1075,#hollywoodmovies,2
1483,#filming,2
668,#marvelcomic,2
669,#imagecomics,2
636,#dcfans,2
1478,#filmmaker,2
1477,#filmmaking,2
637,#varisu,2
1105,#comicbookmovie,2
1106,#funny,2
1094,#ukboxoffice,2
1481,#cinematographer,2
642,#batfleck,2
1482,#filmproduction,2
1108,#pcgame,2
1109,#gamenews,2
1480,#filmmakers,2
653,#fortnitemares,2
1110,#ps,2
1754,#fantasy,2
1122,#moviemax,2
655,#twitchstreamers,2
1127,#horizonslive,2
1076,#celebcity,2
1139,#auspol,2
875,#hbomax,2
1143,#amcstock,2
513,#dcdirect,2
1332,#gamersunite,2
1359,#1231,2
1361,#smilefilm,2
1362,#lylelylecrocodile,2
523,#writer,2
1368,#smallville,2
1379,#expect,2
1380,#fans,2
1381,#hints,2
626,#mediastrikesback,2
512,#subscribe,2
511,#share,2
509,#like,2
1383,#supermans,2
489,#blm,2
1394,#biggest,2
1391,#kwingsletsplays,2
1390,#reelleadership,2
1331,#actionfigure,2
554,#linkedin,2
560,#xboxshare,2
1295,#climatecrisis,2
1436,#entretenimiento,2
621,#woke,2
1066,#celebgossip,2
1165,#superherofilm,2
612,#red,2
1188,#arrestkohli,2
1415,#featured,2
1198,#rock,2
591,#story,2
585,#warnerbrothers,2
582,#arunachalpradesh,2
580,#podcastandchill,2
1211,#ramsetuthisdiwali,2
1218,#icymi,2
1224,#amsterdam,2
1265,#rocktober,2
1266,#twitchtv,2
1157,#insideosogbo,2
704,#fashion,2
1065,#data,2
942,#ps5,2
827,#cine,2
1540,#as,2
936,#popvinyl,2
819,#fortnitechrome,2
939,#funkosoda,2
940,#datenight,2
1513,#sketch,2
1688,#mewonthealarm,2
1506,#triangleofsadness,2
1543,#hands,2
477,#658,2
807,#b1g,2
806,#huskers,2
951,#abolishthegop,2
805,#illini,2
952,#endtherepubliklan,2
804,#buckeyes,2
973,#good,2
932,#gayerotica,2
916,#india,2
799,#fantastic,2
1546,#9movies,2
1567,#mjf,2
1563,#newpost,2
1388,#comicsdna,2
877,#arrowverse,2
1568,#12,2
878,#ezramillerisinnocent,2
884,#70,2
912,#boxofficereport,2
861,#harleyquinns3,2
1672,#blackadammovies,2
1545,#123movies,2
914,#staracademy,2
1570,#diwalispecial,2
854,#fam,2
849,#fun,2
840,#rottentomatoes,2
1594,#graphicdesign,2
1640,#mortgage,2
802,#cineworld,2
798,#nowseated,2
1063,#blockchain,2
1060,#datascience,2
1051,#wfh,2
738,#horror,2
732,#morbius,2
1052,#marketing,2
725,#marwankenzari,2
1057,#ml,2
1059,#machinelearning,2
707,#spacex,2
873,#cineplex,2
749,#twitchstreamer,2
690,#pleaseretweet,2
689,#cnn,2
1061,#bigdata,2
1062,#analytics,2
1747,#shazam2,2
683,#popculture,2
681,#celebrity,2
680,#jewellspalacefolder,2
1050,#infotech,2
1049,#health,2
974,#votered,2
1027,#discounttuesday,2
789,#digitaldrawing,2
975,#firedavidzaslav,2
777,#seated,2
977,#blockbuster,2
1690,#gh22,2
1002,#ign,2
1021,#illustration,2
770,#blackadamtraining,2
1028,#discounttuesdays,2
751,#streamer,2
1037,#photography,2
760,#inew_news,2
1042,#comicbookart,2
1044,#information,2
1696,#trivianight,2
1045,#travel,2
1047,#sports,2
1048,#cricket,2
1389,#leadership,2
941,#that,2
54,#adaonegro,2
163,#gafam,2
121,#nintendoswitch,2
362,#christianbale,2
175,#sabbac,2
254,#tillmovie,2
256,#bansheesmovie,2
257,#armageddontime,2
258,#calljane,2
162,#sandman,2
143,#overwatch2,2
161,#neilgaiman,2
157,#shirt,2
76,#pvr,2
155,#smasher,2
75,#newlinecinema,2
333,#newdc,2
455,#picturehouse,2
363,#netflix,2
364,#notthebest,2
22,#moviesoflakeworth,2
366,#missed,2
390,#really,2
220,#bb24,2
380,#blackadam2022,2
379,#slashtag,2
378,#nerd,2
110,#dcuo,2
408,#justiceleague2,2
229,#blacklove,2
422,#horrormovies,2
199,#applepodcasts,2
372,#motiongraphics,2
24,#wellington,2
370,#anime,2
23,#lakeworth,2
180,#fantasticfour,2
327,#4mvs,2
255,#tarmovie,2
51,#comicart,2
471,#playerfirstgames,2
291,#amcstrong,2
136,#returnofthajedi,2
6,#hro,2
279,#newcomicbookday,2
462,#flames,2
469,#movienight,2
57,#ps4share,2
284,#blackbolt,2
286,#shazammovie,2
292,#amcapes,2
311,#spotify,2
294,#amcneverleaving,2
80,#blackpanthermovement,1
1416,#filmbusiness,1
1518,#mattryan,1
1417,#lolavfx,1
1418,#lolavisualeffects,1
1419,#dcentertainment,1
1420,#wetafx,1
1519,#wooyoung,1
1414,#dailycog,1
1421,#edi,1
1517,#sketchbook,1
1422,#effettidigitaliitaliani,1
1423,#clearanglestudios,1
79,#blackpanthersparty,1
1434,#auburn,1
1433,#3wordreview,1
1432,#islamichistorymonth,1
1431,#islamicherstory,1
1430,#·∂†‚Å±À°·µê·µó ∑‚Å±·µó·µó·µâ ≥,1
1429,#mondaymover,1
1428,#karenrebels,1
1515,#comicstrip,1
1516,#draw,1
1427,#zerply,1
1426,#vfxjobs,1
1425,#vfxhiring,1
1424,#vfx,1
1412,#missjho,1
1413,#chevyrocks,1
1502,#775,1
1411,#nurture,1
78,#blackpantheralumniassociation,1
1522,#56,1
89,#dogearmy,1
90,#beyourownbank,1
1523,#28,1
1524,#antmanandthewasp,1
91,#doctorstrange,1
92,#sucked,1
1387,#ots,1
93,#sterkinekor_manda_hill,1
1525,#gbeebies,1
1385,#followme,1
1526,#nftartists,1
1384,#blackadamfanart,1
98,#mappamarauders,1
99,#knightsofmappa,1
100,#mappasweep,1
101,#mappalovers,1
1392,#aquaman2,1
1393,#dcccomics,1
88,#doge,1
1404,#weekendboxoffice,1
1520,#marve,1
1409,#youngrock,1
1408,#theflashmovie,1
1521,#672,1
1407,#cosmorocks,1
1406,#itsa5samsystem,1
1405,#furnissfirstinstinctfilmreview,1
1403,#boxofficecollection,1
1395,#opening,1
1402,#passthepopcorn,1
1401,#fyp,1
1400,#spm230,1
1399,#lprtg,1
1398,#sdcc,1
1397,#learnthetruth,1
81,#blackpanthertop,1
1410,#ertigan,1
1440,#dragon,1
1437,#unbreakablemonday,1
1484,#mondayblogs,1
67,#cameo,1
68,#latestupdates,1
70,#inox,1
1504,#bot,1
71,#sweetdreams,1
72,#206,1
73,#rottentango,1
74,#4dx,1
1505,#thewomanking,1
61,#whattowatch,1
1474,#batafleck,1
1473,#rayfisher,1
1507,#tar,1
1472,#1985,1
1471,#argentina,1
66,#hiramgracia,1
1485,#kang,1
1508,#steelbook,1
1486,#kangiscoming,1
1500,#googleartsculture,1
1499,#digitalar,1
1498,#detroit,1
1497,#opensea,1
1496,#bookreview,1
1495,#kakenews,1
1494,#books,1
1493,#dcmultiverse,1
1492,#fandomsandfantasies,1
1491,#fandoms,1
1490,#inreviewmoviesrankedreviewedrecappedakindafunnyfilmtvpodcast,1
1503,#newsflash,1
1489,#indiefilms,1
1488,#rpgba,1
63,#thefilmcastakatheslashfilmcast,1
1470,#releasethegreenlanternscene,1
1509,#bestbuy,1
1438,#luvblackadam,1
1512,#comicartist,1
1452,#fansfirst,1
77,#blackpanthersnapback,1
1450,#halloweenmovies,1
1449,#kidsmovies,1
1448,#familymovienight,1
1447,#rpgmap,1
1446,#fantasymap,1
1445,#pathfinder,1
1444,#ttrpg,1
1443,#dndart,1
1442,#dnd,1
1514,#artistsoninstagram,1
1441,#lair,1
1501,#bixoffice,1
1439,#battlemap,1
1453,#thatsthenews,1
1454,#davidtennant,1
1468,#burncocacolatotheground,1
1378,#bootstoasses,1
1467,#pepsifellareignssupreme,1
1466,#pepsinitro,1
1465,#kindafunny,1
1510,#andyvermautloveshollywood,1
1464,#makemanofsteel2,1
1463,#commissionartist,1
1511,#thankyoufortheentertainment,1
1462,#digitalportrait,1
1461,#animators,1
1460,#animationstudio,1
1459,#iconic,1
1458,#fortnitechapter3season4,1
1457,#youtubers,1
1456,#pokemonscarletviolet,1
1455,#doctorwho,1
102,#ottobinder,1
103,#ccbeck,1
1377,#armyofthedead,1
1256,#lalisa,1
1264,#1238,1
1263,#justbesingle,1
1262,#colts,1
1261,#chores,1
1260,#haiku,1
1259,#mcfarlane,1
1258,#sg,1
1257,#money,1
1255,#lisa,1
125,#ilmondideifumetti,1
1254,#rawcl,1
1253,#marilynmonroe,1
1252,#darknights,1
1251,#funkopopvinyl,1
1250,#nlechoppa,1
1249,#bullying,1
1248,#giver90legit,1
1247,#supermanblackadam,1
126,#cinema2022,1
1267,#metal,1
1245,#blackposterproject,1
1278,#jaynetheory,1
124,#27ottobre,1
1285,#tequila,1
1284,#thisjustin,1
1283,#dcrp,1
1282,#thanksbatfleck,1
1281,#fortniteparadise,1
1280,#fortography,1
1279,#multiverse,1
1277,#hottp,1
1268,#manofsteelreturns,1
1276,#newmusicmonday,1
1275,#violadavis,1
1274,#mondaythoughts,1
1273,#mrpi2022,1
1272,#screwitwecaball,1
1271,#musicmonday,1
1270,#vimeo,1
1269,#18,1
1246,#marvelmonday,1
1244,#hiphop,1
1376,#multiverseofmadness,1
1212,#ramsetufdfs,1
1220,#breakfastclubam,1
1219,#balleralert,1
128,#trasposizionecinematografica,1
1217,#lupussensei,1
1216,#doitforlikes,1
1215,#breakfastclub,1
1214,#kanyewest,1
1213,#diwali,1
129,#supereroi,1
1222,#fpn,1
1210,#ramsetureview,1
1209,#thankgod,1
1208,#premakeamovie,1
1207,#book,1
1206,#cinepolis,1
1205,#supermanshazamthereturnofblackadam,1
1204,#fight,1
1203,#phvtubers,1
1221,#hollywoodunlocked,1
1223,#funkopopnews,1
1243,#rnb,1
1234,#chrisgore,1
1242,#sexyblackradio,1
1241,#1movie,1
1240,#erotica,1
1239,#watching,1
1238,#questions,1
1237,#sourboy,1
1236,#newsgrasp,1
1235,#today,1
1233,#midnightsedge,1
127,#recensione,1
1232,#sarashahi,1
1231,#frequency,1
1230,#fandom,1
1229,#tabletop,1
1228,#hollywoodpalms,1
1227,#datelife,1
1226,#enjoyinglifealways,1
1225,#sonicmovie2,1
1287,#rageagainstthedyingofthelight,1
1288,#acci√≥n,1
1289,#aventura,1
1344,#reviewing,1
1352,#togetherblue,1
1351,#redoctober,1
1350,#kcvssf,1
1349,#raidernation,1
1348,#nlcs,1
1347,#aussie,1
1346,#instagood,1
1345,#lightscamerarant,1
1343,#raving,1
1354,#blackadamfullmovie,1
1342,#ranting,1
1341,#silenthill2remake,1
1340,#silenthill,1
1339,#twister,1
1338,#mophisto,1
1337,#sachabaroncohen,1
1336,#tomellis,1
1335,#lucifer,1
117,#dgeekwill,1
1355,#blackadamstreaming,1
1290,#cienciaficci√≥n,1
1367,#reddeath,1
1375,#checkmate,1
1374,#letthemeatcrow,1
1373,#nrw,1
1372,#magmafia,1
1371,#notminebuttoogoodnottoshare,1
1370,#walterhamada,1
1369,#zatanna,1
1528,#freshyclam,1
1366,#batwoman,1
1356,#blackadamonlinehd,1
1365,#collectibles,1
105,#moredrfateplease,1
1363,#dcst„Éó„É©„Çπ,1
109,#virtuousdetective,1
1360,#tickettoparaside,1
111,#ps4live,1
1358,#blac,1
1357,#ladiesofthepgs,1
1334,#74,1
1333,#blackadamquotes,1
118,#gaygeek,1
1300,#fuckshehulk,1
1309,#dawnofhope,1
1308,#antman3,1
1307,#movioweekendinsights,1
1306,#thoughts,1
1305,#satisfaction,1
122,#descendant,1
1302,#ilovebeingpregnant,1
1301,#penisvagina,1
1299,#worldseriesbound,1
119,#mhrise,1
1298,#october,1
1297,#doodlesblack,1
1296,#climateemergency,1
123,#antiracism,1
1294,#dccics,1
1293,#empirepodcast,1
1292,#micalificaci√≥n,1
1291,#fantasia,1
1310,#seekingalpha,1
1311,#seriously,1
1312,#confused,1
1313,#stablediffusion,1
1330,#statoversians,1
1329,#motherlandfortsalem,1
1328,#memes,1
1327,#tf2,1
120,#monsterhunter,1
1325,#welcomehome,1
1324,#opinion,1
1323,#rese√±a,1
1322,#critica,1
1321,#samwisegamgee,1
1320,#republicans,1
1319,#respect,1
1318,#ilovecomics,1
1317,#beardedcomicbro,1
1316,#aiartwork,1
1315,#stablediffusionart,1
1314,#waifudiffusion,1
1527,#nftmarketplace,1
476,#gamingshorts,1
1529,#clownmedia,1
1763,#a,1
1771,#weekendvibes,1
1770,#team,1
1769,#movietheater,1
1768,#know,1
1767,#is,1
1766,#heres,1
1765,#everything,1
1764,#about,1
1762,#nftcollectors,1
1773,#culture,1
1761,#nftjapan,1
1760,#nftdrop,1
1759,#nftanimation,1
1758,#invisibleme,1
1757,#qtickets,1
1756,#uae,1
1755,#movies2022,1
1753,#designethics,1
1772,#employeeengagement,1
1774,#worklifebalance,1
1751,#mondaybusiness,1
1785,#zinox,1
1793,#nextmorningswitch,1
1792,#ineedmy2hoursback,1
1791,#quackityspace,1
1790,#zonajajan,1
1789,#movietalkies,1
1788,#dwanyejohnson,1
1787,#mylimitless,1
1786,#odeon,1
1784,#scifi,1
1775,#devexcel,1
1783,#sevenbucks,1
1782,#schwedt,1
1781,#dyor,1
1780,#makeitmakesense,1
8,#pluggedin,1
1778,#vxcinema,1
1777,#etxstudio,1
1776,#celebrate,1
1752,#designer,1
1750,#wecreatedesign,1
1705,#watchfilmsforcheap,1
1716,#nigeria,1
1724,#davido,1
1723,#herbs,1
1722,#upperhand,1
1721,#happy,1
1720,#motivation,1
1719,#foodie,1
1718,#bio,1
1717,#lagos,1
1715,#love,1
1726,#krystalshining29th,1
1714,#seasonings,1
1713,#spices,1
1712,#out,1
1711,#inside,1
1710,#success,1
1709,#people,1
1708,#eat,1
1707,#lego,1
1725,#beautiful,1
1727,#shibaarmy,1
1749,#wecreateconcept,1
1739,#weeklyplanetpod,1
1748,#wecreate,1
1746,#newsupdates,1
1745,#trakttv,1
1744,#blackadamb,1
1743,#beastkingdomtoys,1
1742,#aceroymagia,1
1741,#mastercraft,1
1740,#lidiathorpe,1
1737,#now,1
1728,#michaelrodion,1
1736,#incinemas,1
1735,#thebansheesofinisherin,1
1734,#kengriffinlied,1
1733,#citadelscandal,1
1732,#hymc,1
1731,#openseanft,1
1730,#rodionseries,1
1729,#coconutoil,1
1794,#nextradioug,1
1795,#supermanisback,1
1796,#diwalispecialhttps,1
1850,#adamsweep,1
1858,#retweet,1
1857,#cnbc,1
1856,#blacked,1
1855,#52,1
1854,#ismellwhatyouarecooking,1
1853,#noexcuses,1
1852,#harharmahadevmovie,1
1851,#thankgodatpvr,1
1849,#smallyoutuber,1
1861,#geekgirl,1
1848,#subtitled,1
1847,#viewwatched2022,1
1846,#themaninblack,1
1845,#shazamhourofpower,1
1844,#moviemagic,1
1843,#nitewriters,1
1842,#saratontheatre,1
1841,#ethereum,1
5,#reviewosaurus,1
1862,#geek,1
1797,#needed,1
1873,#yankeesvsastros,1
1881,#weasel,1
1880,#kingshark,1
1879,#bestdcmovie,1
1878,#renewstargirl,1
1877,#clipstudiopaint,1
1876,#fintwit,1
1875,#salesas,1
1874,#formats,1
1872,#thelastdrivein,1
1863,#peace,1
1871,#podcasthq,1
1870,#arnoldvosloo,1
1869,#jerryoconnell,1
1868,#georgenewbern,1
1867,#supermanshazam,1
1866,#goodtiming,1
1865,#namor,1
1864,#postseason,1
1840,#imnotliketheotherheroes,1
1839,#amcsqueeze,1
1838,#jointhegame,1
1807,#localnews,1
1815,#aiartificialintelligence,1
1814,#worldofreel,1
1813,#audience,1
1812,#time,1
1811,#audiences,1
1810,#roboticsainews,1
1809,#newsite,1
1808,#newstoday,1
1806,#newsoftheday,1
1837,#cricketlive,1
1805,#newsfeed,1
1804,#newspapers,1
1803,#worldnews,1
1802,#dailynews,1
1801,#newsupdate,1
1800,#newspaper,1
1799,#currentnews,1
1798,#yourchoicenews,1
1816,#reel,1
1817,#beblack,1
1818,#critic,1
1819,#split,1
1836,#reviewanything,1
1835,#lagarriga,1
1834,#cultura,1
1833,#diaespectador,1
1832,#dilluns,1
1831,#agreattimeout,1
1830,#novocinemas,1
1829,#ex,1
1828,#dumbass,1
1827,#stupidthingsyourexsays,1
1826,#284,1
1825,#dope,1
1824,#1d,1
1823,#onedirection,1
1822,#quote,1
1821,#tweetboxbot,1
1820,#raspberrypi,1
1706,#clapham,1
1704,#saveyourmoney,1
1530,#maikel_moreno,1
1585,#blackadamindiapremiere,1
1593,#figma,1
1592,#figmadesign,1
1591,#fanarts,1
1590,#thorloveandthunder,1
1589,#vhagar,1
1588,#mapleleaf,1
1587,#blackpink,1
1586,#thisweekinmarvel,1
1584,#yeg893fm,1
1595,#graphic_design,1
1583,#yeg,1
1582,#wrestler,1
1581,#bradford,1
1580,#petermaivia,1
1579,#grandfather,1
1578,#replacement,1
1577,#primeminister,1
1576,#uk,1
38,#ÿßŸÅŸÑÿßŸÖ,1
1596,#innovation,1
1574,#jjassociatesinternational,1
1607,#3xl,1
1615,#fishing,1
1614,#completists,1
1613,#average,1
1612,#deeply,1
1611,#russell,1
1610,#320gsm,1
1609,#870m,1
1608,#4xl,1
1606,#actionfigures,1
1597,#conservative,1
1605,#newsbreak,1
1604,#dankadam,1
1603,#amcnotleaving,1
1602,#comparison,1
1601,#legitlewis420,1
1600,#republican,1
1599,#trump,1
1598,#conservativenews,1
1575,#internationalinvestigations,1
1573,#dwaynejohnsonofficial,1
1703,#cheaptickets,1
1201,#makemoviesawesm,1
1549,#stilluncool,1
1548,#nothappy,1
1547,#zoablackadam,1
46,#radio,1
1544,#his,1
52,#artcomics,1
1542,#estimated,1
1541,#box,1
1539,#an,1
1551,#hottie,1
1538,#crypto,1
1537,#update,1
1536,#jomotoday,1
1535,#fortniteart,1
1534,#estreno,1
1533,#magistrado,1
1532,#peliculas,1
1531,#moreno_maikel,1
1550,#symcastpodcast,1
1552,#mediaplaynews,1
1572,#mightbeslightlyexcited,1
44,#otr,1
1571,#diwali2022,1
39,#ŸÅŸäŸÑŸÖ,1
1569,#movieposter,1
42,#detective,1
43,#mystery,1
1566,#filmfreeway,1
1565,#fdiff2022,1
1564,#moviequestions,1
1562,#moviefone,1
1553,#womenexecutives,1
1561,#183435,1
1560,#ringsofpowers,1
1559,#tuderechoasaber,1
1558,#sizetwitter,1
1557,#nxt,1
1556,#projector,1
1555,#xumo,1
1554,#britbox,1
1616,#fishinglover,1
1617,#mid,1
1618,#trends,1
36,#ÿ®ŸÑÿßŸÉ_ÿßÿØŸÖ,1
1680,#theoriginalwork,1
1679,#character,1
1678,#atlantaprophouse,1
1677,#caps,1
1676,#centralatlantapropsandsets,1
1675,#power,1
1674,#hierarchy,1
1673,#challenges,1
1671,#nba,1
1682,#ishowspeed,1
1670,#drake,1
1669,#sgstreamer,1
1668,#vtuberuprising,1
1667,#haruki_live,1
1666,#sgvtuber,1
1665,#vtuberen,1
1664,#thelastofuspart2,1
1663,#cgchighgrade,1
1681,#manga,1
1683,#television,1
1619,#adamdriver,1
1694,#bayelsaravagingflood,1
1702,#cheapdays,1
25,#ufotwitter,1
1700,#blackadamtrailer,1
1699,#blackadamfilm,1
1698,#blackadamedit,1
1697,#blackadamglobalpremiere,1
26,#saveghananow,1
1695,#abuja,1
27,#catchtheseawave,1
1684,#kirbyfanart,1
1692,#grizzlygradereviews,1
1691,#themeanjoegrizzlypodcast,1
28,#perisoncinemas,1
1689,#gh2022,1
33,#remember,1
1687,#batmanvsuperman,1
1686,#youtubeshort,1
1685,#snoopslegit,1
1662,#cgccomics,1
1661,#cgc,1
1660,#comicbooksforsale,1
1629,#movieguy,1
1637,#photo,1
1636,#closingbell,1
1635,#wakeupwithcheddar,1
1634,#birmingham,1
1633,#media,1
1632,#post,1
1631,#fmtnews,1
1630,#bayonetta,1
1628,#seeit,1
1659,#19,1
1627,#lettherightonein,1
1626,#kevinspacey,1
1625,#interviewwiththevampire,1
1624,#filmtwt,1
1623,#creed3,1
1622,#atlantafx,1
1621,#anthonyrapp,1
1620,#americangigolo,1
1638,#popcorn,1
1639,#comicfans,1
37,#Ÿäÿ≠ÿØÿ´_ÿßŸÑÿßŸÜ,1
1641,#interestrates,1
1658,#drinkchamps,1
1657,#ufc280,1
1656,#warnerbrosme,1
1655,#dawynejohnson,1
1654,#dti,1
1653,#usda,1
1652,#va,1
1651,#fha,1
1650,#loanassumption,1
1649,#gluckstadtms,1
1648,#brandonms,1
1647,#fondrenms,1
1646,#rankinms,1
1645,#madisonms,1
1644,#listingagent,1
1643,#buyersagent,1
1642,#realtors,1
1202,#smcinema,1
1180,#dmc5,1
1200,#blackadamatsmcinema,1
711,#2spicychickensandwichesinmypockets,1
720,#soulcalibur6,1
719,#talksoon,1
718,#mcutwt,1
716,#chrisbrewster,1
373,#comicsexplained,1
714,#superherospeak,1
713,#482,1
374,#xmen,1
710,#biodome,1
700,#anxious,1
709,#breakingthefirmament,1
708,#nasa,1
375,#justicsleague,1
706,#forwardanonward,1
705,#viadaonegro,1
377,#videogames,1
703,#restorethesndyerverse,1
702,#clarkkent,1
721,#aplaguetaleinnocence,1
722,#manncinemareviews,1
723,#pasenatedebate,1
371,#toons,1
744,#tarzan,1
742,#christmas,1
741,#hallmark,1
740,#vengeance,1
739,#bjnovak,1
365,#things,1
737,#hobi,1
736,#batmanaudioventures,1
735,#batwheels,1
734,#onhere,1
733,#bront,1
731,#joeyratesmovies,1
369,#marveluniverse,1
729,#basc,1
728,#movieapes,1
727,#communityfirst,1
726,#solananfts,1
701,#trichorhinophalangeal,1
699,#anxiety,1
836,#batgirl,1
393,#findcomicbooks,1
673,#resin,1
672,#painting,1
671,#3dprinting,1
389,#asib,1
391,#unitedstates,1
667,#therockandthebaby,1
666,#2022filmsdh,1
392,#auction,1
663,#talkwalkeralerts,1
698,#youtuber,1
394,#kelzlegit,1
396,#spoilers,1
660,#bor,1
659,#vrthegamer,1
658,#discord,1
657,#epic,1
656,#twitchaffiliate,1
397,#17,1
674,#theweeklyplanet,1
675,#nftgame,1
676,#isis,1
677,#sarah,1
697,#vfgmoviereviews,1
696,#vfg,1
695,#topgunmaverick,1
694,#danujitha,1
693,#thefemalerock,1
692,#theschism,1
691,#humpdaybeauty,1
688,#holiday,1
687,#drawingtutorials,1
686,#learntodraw,1
685,#howtodraw,1
383,#blackhistorymonth,1
682,#politicalnews,1
384,#artdesign,1
385,#artbyme,1
679,#noah,1
678,#shahi,1
745,#top5,1
746,#newhierarchy,1
747,#thankmelater,1
803,#billy,1
812,#ftonerdtalk,1
811,#lakeville,1
810,#isd194,1
809,#roar194,1
808,#carlyanderson,1
322,#an√°huacsur,1
323,#101,1
325,#blackadamreaction,1
329,#notmysnyderverse,1
361,#masterpiece,1
801,#awesomemovie,1
800,#brilliant,1
330,#ifsupermancouldntfly,1
331,#drinkinggame,1
797,#amcmovieallstar,1
796,#freepalestine,1
795,#wakanda,1
794,#cynical,1
813,#blerdnews,1
814,#wtf,1
815,#gapol,1
816,#tmobiletuesdays,1
834,#safransupremacy,1
833,#gaysoflondon,1
832,#familytime,1
831,#whatsuptwitter,1
830,#blackcomiclordsvariants,1
829,#ivoted,1
307,#mycoconutcreek,1
308,#coconutcreekresidents,1
309,#creeknews,1
825,#elite,1
824,#nftarti,1
822,#gunniverse,1
821,#cowboysnation,1
820,#leagueofsuperpets,1
312,#nkopodcast,1
321,#hacksite,1
817,#hauntlife,1
793,#foryou,1
792,#fy,1
791,#mystyle,1
769,#jimmyfallon,1
767,#moviepodcast,1
766,#podcastersofinstagram,1
765,#movieinapod,1
764,#technews,1
763,#technologynews,1
349,#beastkingdom,1
350,#sideshowcollectibles,1
352,#collectiblestatues,1
759,#smallstreamersconnect,1
758,#supportsmallstreamers,1
356,#fandangoexclusive,1
756,#bebetter,1
755,#bandai,1
754,#gunpla,1
357,#justwatched,1
359,#supermanreturns,1
360,#sm,1
348,#ffelp,1
347,#fuckyeahstarwars,1
332,#drinkinggames,1
345,#abillion,1
788,#digitalillustration,1
787,#digitalpainting,1
786,#dcsuperheroes,1
334,#thescificenter,1
784,#underarmor,1
783,#fashioncelebritystyle,1
782,#govols,1
781,#imouttho,1
780,#ezramilleristheflash,1
779,#andrewsmovieadventures,1
778,#20,1
335,#7,1
340,#dontworrybehappy,1
342,#wwwyfest,1
343,#wearedc,1
773,#andcoffee,1
344,#manoftomorrow,1
654,#contentcreator,1
399,#videos,1
652,#commissionnaction,1
456,#fulhamroad,1
453,#dogvine,1
540,#storts,1
539,#justiceso,1
538,#justsayin,1
537,#diversitymatters,1
536,#lincoln,1
535,#au,1
534,#humpdayvibes,1
532,#savetchalla,1
447,#wisdomwednesday,1
531,#bookclub,1
530,#booktwitter,1
529,#blerd,1
528,#teach,1
527,#write,1
526,#patreon,1
457,#chelsea,1
524,#teacher,1
543,#themovieblog,1
544,#connectingportsmouth,1
545,#islandcityfilm,1
546,#thehobby,1
563,#leftwaffe,1
450,#theundercard,1
561,#fortnitebattle,1
451,#season6,1
559,#freelance,1
558,#premierepro,1
557,#aftereffects,1
556,#3dlogo,1
555,#upwork,1
452,#londog,1
553,#twitter,1
552,#instagram,1
551,#facebook,1
550,#sportscardsforsale,1
549,#adamsandler,1
548,#sportscards,1
547,#whodoyoucollect,1
458,#democrats,1
459,#slavery,1
521,#cineworldcinemas,1
499,#sonicexe,1
497,#theactionmoviestar,1
496,#theactionmovie,1
495,#ohmpawat,1
494,#copic,1
468,#8217,1
492,#supermanfanart,1
490,#bestmovies,1
470,#offtheclock,1
488,#coverup,1
487,#policelie,1
486,#policebrutality,1
485,#policeviolence,1
484,#policecorruption,1
483,#policeofficer,1
482,#thecomedyact,1
481,#kevinhartrealitycheck,1
479,#blackadamsavedc,1
498,#themalemoviestar,1
500,#axiosbfd,1
520,#superheromovies,1
501,#kincation,1
519,#genesiscinemas,1
518,#cvejuniors,1
517,#experience,1
461,#avaraine,1
515,#trenchmobb,1
463,#laurelhursttheater,1
465,#loveislove,1
466,#sabacc,1
510,#comment,1
467,#greenlantern,1
508,#support,1
507,#malaysia,1
506,#sarawak,1
505,#kuching,1
504,#voxakuma,1
503,#kindredtouchinggrass,1
502,#kinjourney,1
448,#redhair,1
446,#vlog,1
651,#Èªë‰∫öÂΩì,1
619,#eddiesgames,1
627,#economy,1
425,#bluebeetle,1
426,#watchingnow,1
427,#arvindkejriwal,1
428,#brainiac,1
622,#wokeaf,1
429,#sciencevsmagic,1
620,#sjw,1
430,#disappointed,1
445,#moonforgebrightleaf,1
431,#mess,1
616,#metaverse,1
615,#spikes,1
614,#orange,1
613,#blue,1
432,#kittenlegit,1
611,#tanktop,1
610,#artsy,1
424,#netflixmovies,1
423,#moviestar,1
630,#superboy,1
419,#actress,1
401,#callofduty,1
649,#scream,1
648,#pedogunn,1
402,#modernwarfareii,1
405,#wordsfromblerds,1
645,#fortnitegiveaway,1
406,#grassvalley,1
643,#watchoutmarvel,1
407,#nevadacounty,1
641,#dxy,1
639,#daily,1
638,#cooltable,1
409,#mcatis,1
417,#actors,1
635,#robloxblackadam,1
634,#roblox,1
418,#acting,1
609,#ireadsyou,1
608,#bestmoviethisyear,1
607,#universeofplay,1
586,#northeastlive,1
584,#dneg,1
583,#michidusuyama,1
441,#downloadfree,1
581,#podcastrecommendations,1
442,#freemovies,1
579,#touchdown,1
578,#lfg,1
577,#newepisode,1
576,#hmvhanley,1
575,#hmvforthefans,1
574,#dcmcfarlane,1
573,#blackadamhmv,1
443,#fullmoviesfree,1
571,#releasedate,1
570,#celebrities,1
569,#trash,1
444,#fmovies,1
440,#moviesfree,1
587,#northeast,1
606,#salche,1
588,#dcfan,1
434,#boldcinema,1
604,#sorrynotsorry,1
436,#gamespot,1
602,#spreaker,1
601,#brosmovie,1
600,#decisiontoleave,1
599,#barbarian,1
598,#phim2022,1
597,#phimmoi,1
596,#phimhay,1
595,#phimtop10,1
594,#arresteddevelopment,1
593,#cpfc,1
592,#read,1
439,#onlinefree,1
590,#ringsofpower,1
589,#thor,1
835,#polkadotmanhbomaxseries,1
837,#fortniteshop,1
1199,#dawneyjohnson,1
178,#boxedheroes,1
1084,#zacksnydersjusticeleague2,1
1083,#musicislovewithvibes,1
1082,#riseup,1
1081,#andyvermaut,1
1080,#doompatrol,1
1079,#bringbackrayfishercyborg,1
1078,#supportblackadam,1
1077,#global,1
179,#fantasticfourcasting,1
190,#balckadam,1
1074,#legendsoftomorrow5,1
1073,#legendsoftomorrow,1
1072,#dolbycinema,1
1071,#funonline,1
1070,#online,1
1069,#funstuffonline,1
181,#inktober,1
187,#mask,1
177,#timcurryjoker,1
1086,#eddiesgamingblog,1
1087,#gamingblog,1
1088,#celebritygossip,1
170,#warner,1
171,#universalpictures,1
173,#blackatom,1
1103,#js,1
1102,#4492,1
1101,#aptos,1
1100,#aptosnft,1
1099,#aptonians,1
1098,#traveltuesday,1
1097,#travelmovies,1
1096,#wingseatv,1
1095,#cinemaadvertising,1
1093,#pl,1
1092,#fortnitebattleroyale,1
1091,#blacksarestillslaves,1
1090,#georgefloyd,1
1089,#celebritynews,1
188,#funkophotoadaychallenge,1
191,#deadpool,1
306,#coconutcreeknews,1
1031,#indvspak2022,1
1039,#themenu,1
1038,#thewasp,1
214,#superheroshape,1
1036,#newsindia,1
1035,#eddiesgaming,1
1034,#eddiesgame,1
1033,#eddiesgamingandnews,1
1032,#arnpriortheatre,1
1030,#codeawesome28,1
192,#vs,1
1029,#ocmd,1
217,#bringbacklesliegrace,1
218,#wickedwednesday,1
1026,#mohanlal,1
1025,#thalapathy67,1
1024,#padavettu,1
219,#bb23,1
1022,#traditionalart,1
1040,#andorepisode6,1
1041,#videogamenews,1
213,#dayoff,1
1043,#artistsontwitter,1
193,#admr,1
194,#dominoes,1
196,#hsgodwin,1
197,#sire_studios,1
198,#wearedren,1
1055,#moleculemangang,1
1054,#aewfullgear,1
200,#hashtags,1
202,#newpodcast,1
204,#podcaster,1
205,#podcasthost,1
206,#podcasting,1
207,#podcastlife,1
208,#podcastnetwork,1
210,#artoftheweek,1
211,#harleyhumpday,1
212,#lowkeycave,1
1107,#doors,1
169,#filmq,1
168,#Ê¥óÈí±,1
1168,#stopthedrama,1
1176,#africanart,1
1175,#kenya,1
1174,#primevideo,1
1173,#working,1
1172,#hes,1
1171,#hero,1
1170,#pun,1
1169,#mw2,1
1167,#dwaynejohnsontherock,1
167,#Âà∑Âçï,1
1166,#dwaynejohnsonfans,1
137,#maveboyisoverparty,1
1164,#comicbookmovies,1
1163,#comicbookfilms,1
1162,#dcheroes,1
1161,#pencilsketch,1
1160,#cinemaug,1
1159,#nowshowing,1
1177,#4gitv,1
1179,#kantarafilm,1
475,#theastronaut,1
1181,#devilmaycry5specialedition,1
130,#scenapostcredit,1
131,#cinecomic,1
1196,#thesuicidesquad,1
132,#110,1
1194,#borneobulletin,1
1193,#shouldausedagoodsong,1
1192,#princediwali,1
1191,#sardar,1
1190,#ferozekhan,1
1189,#arshadsharif,1
135,#jobtrends,1
1187,#ispr,1
1186,#todaysdough,1
1185,#boxofficerecords,1
1184,#unpopularopinion,1
1183,#ironheart,1
1182,#jaumecolletserra,1
1158,#englishmovies,1
138,#futuredc,1
1156,#englishmovienight,1
1134,#blackadam2022movie,1
1131,#halloween2022,1
1130,#abujatwittercommunity,1
156,#logo,1
1126,#bigscreen,1
1125,#numetroxtreme,1
1124,#numetro4dx,1
1123,#numetro,1
1121,#birthdayboy,1
1120,#essgaming,1
1118,#896,1
164,#388,1
165,#ÂæÆ‰ø°,1
166,#ÂÖÖÂÄºÂç°,1
1114,#pgnhq,1
1113,#join,1
1112,#rishi,1
1111,#pakistancricket,1
1132,#halloweencostumes,1
1135,#vagabondbloggers,1
1155,#cineplexxbz,1
1136,#pvrcinemas,1
139,#takeitdownsonooneelseseesit,1
1152,#3dmoonlamp,1
1151,#appointment,1
1150,#lightning,1
1149,#gift,1
1148,#supermanrebirth,1
1147,#trashadam,1
1146,#dcblackadam,1
1145,#retweeet,1
1144,#tweet,1
149,#shazamfuryofthegods,1
1142,#amcape,1
1141,#voiceover,1
1140,#fuckantisemitism,1
150,#marvelisbetter,1
1138,#budget,1
1137,#ahmedabad,1
1020,#bornfightergaming,1
1019,#live,1
1018,#gameplay,1
896,#college,1
904,#jesus,1
903,#chainsawman,1
902,#vtuber,1
268,#ncbd,1
900,#nerdseyes,1
899,#silverbirdcinemas,1
898,#studytips,1
897,#grades,1
895,#students,1
927,#‰∏äÊµ∑,1
894,#takinitback,1
893,#theloneliesttime,1
892,#whatsyour2022moment,1
269,#geeksandgamers,1
890,#vtubersen,1
889,#vtuberuprsing,1
270,#moviefans,1
887,#theylive,1
905,#genocide,1
906,#nubia,1
907,#cush,1
908,#biblical,1
925,#superheromovie,1
924,#actionpacked,1
923,#durhamcity,1
922,#odeonluxe,1
921,#theflashseason9,1
259,#philmswithphil,1
919,#dcextendeduniverse,1
918,#codmw2,1
917,#clever,1
261,#endsarsmemorial2,1
915,#endeavorheadlines,1
264,#hopeneverdies,1
913,#cbsnews,1
267,#728,1
911,#theperipheral,1
910,#pakistanbeat,1
909,#ethiopia,1
886,#letsgo,1
885,#bwfc,1
271,#8,1
857,#rockslamscritics,1
296,#amcarmy,1
298,#509,1
853,#scorsesegang,1
852,#gbo,1
851,#kidslitart,1
850,#familyfriendly,1
299,#actionmovie,1
848,#kidslit,1
847,#blackheroesmatter,1
846,#kawaii,1
845,#melanin,1
844,#lafespaceart,1
843,#boycottwbd,1
842,#explained,1
841,#ending,1
300,#dcmovie,1
304,#trilith,1
856,#sacramento,1
858,#henrycavillreturns,1
883,#guardiansholidayspecial,1
295,#amctothemoon,1
882,#tiredfather,1
881,#extremelydissapointed,1
880,#dubbedanime,1
879,#chainsawmain,1
273,#dcfandome2021,1
274,#valorant,1
275,#1048,1
278,#insteadofcandyapples,1
874,#cinemas,1
872,#benaffleck,1
871,#dwaynejohns,1
868,#nftcollector,1
288,#satoshichallenge,1
289,#satoshiathemovies,1
290,#shareamc,1
863,#gentlebutkind,1
860,#supermanhenrycavill,1
926,#Êù≠Â∑û,1
928,#Êù≠Â∑ûÁ∫ø‰∏ã,1
1017,#collection,1
987,#booknow,1
227,#mybmore,1
994,#galxeid,1
993,#criticschoice,1
992,#oscars,1
991,#2bnspaces,1
990,#blackadamvssuperman,1
989,#dcfandom,1
988,#dcsuperhero,1
228,#baltimore,1
929,#Êù≠Â∑û‰∏äÈó®,1
985,#tbgn,1
984,#hottake,1
983,#hhfam,1
982,#wild,1
980,#details,1
979,#cinematrip,1
978,#cin√©time,1
230,#blackthought,1
226,#mumufresh,1
225,#jasonspeight,1
998,#supermanvsblackadam,1
223,#thewarriors,1
1016,#amc1000k,1
1015,#43,1
1014,#fortfts,1
1013,#fortmyers,1
1012,#stopthecount,1
1011,#carterhall,1
1010,#xboxone,1
1009,#pc,1
1008,#playstation5,1
1007,#a2021vision,1
1006,#theconversationcontinues,1
1005,#gradepending,1
1004,#supermandawnofhope,1
1003,#videogame,1
221,#artpoetryimages,1
1001,#gamer,1
222,#whoweare,1
976,#savewarnerbros,1
231,#blackalbum,1
232,#sheeple,1
953,#fairytaletuesday,1
236,#candy,1
950,#destinationbk,1
949,#434,1
948,#usunited,1
947,#defanad,1
946,#163,1
945,#bringbackpitchblack,1
944,#138,1
237,#theirwords,1
243,#decu,1
245,#firstrun,1
249,#iiwmt,1
250,#isitworthmytime,1
938,#funkopops,1
253,#freelancing,1
935,#funkos,1
930,#5420,1
235,#fda,1
954,#haloinfinite,1
233,#dynasty,1
955,#riphalo,1
972,#dccomicsforever,1
971,#pagepunchers,1
970,#7inchpagepunchers,1
969,#tethadamblackadam,1
968,#reddit,1
967,#ttlxdp,1
966,#marvelisintrouble,1
965,#teamjoseph,1
964,#downlaod,1
963,#bluray,1
962,#tubitv,1
961,#popcronflix,1
960,#amazonvideo,1
959,#streaming4jungkook,1
958,#streaming4taehyung,1
957,#taekookstreamingparty,1
956,#343killedhalo,1
1882,#suicidesquad,1
